Application mode,Application order,Course,Mother's qualification,Father's qualification,Mother's occupation,Father's occupation,Debtor,Tuition fees up to date,Gender,Scholarship holder,Age at enrollment,Units 1 enrolled,Units 1 evaluations,Units 1 approved,Units 1 grade,Units 2 enrolled,Units 2 evaluations,Units 2 approved,Units 2 grade,id_student
0.06666666666666667,0.1111111111111111,0.2666666666666667,0.5454545454545455,0.962962962962963,0.36363636363636365,0.7499999999999999,0,1,0,0,0.0566037735849056,0.4230769230769231,0.3333333333333333,0.4230769230769231,0.7303689687795648,0.3913043478260869,0.2727272727272727,0.45,0.7478632478632479,0001
0.0,0.1111111111111111,0.8666666666666667,0.0,0.07407407407407407,0.8181818181818182,0.7499999999999999,0,1,1,0,0.0566037735849056,0.2307692307692307,0.1777777777777777,0.2307692307692307,0.609271523178808,0.2608695652173913,0.2424242424242424,0.3,0.5923076923076923,0002
0.9333333333333333,0.1111111111111111,0.5333333333333333,0.0,0.0,0.36363636363636365,0.25,0,1,1,0,0.0943396226415094,0.2307692307692307,0.1555555555555555,0.2307692307692307,0.6534216335540839,0.2608695652173913,0.1818181818181818,0.1,0.7538461538461538,0003
0.0,0.4444444444444444,0.5333333333333333,0.5454545454545455,1.0,0.8181818181818182,0.7499999999999999,0,1,0,1,0.0188679245283018,0.2307692307692307,0.1555555555555555,0.2307692307692307,0.6508987701040682,0.2608695652173913,0.2424242424242424,0.3,0.6153846153846153,0004
0.06666666666666667,0.1111111111111111,0.2666666666666667,0.9545454545454546,0.962962962962963,0.4545454545454545,0.4166666666666667,0,1,0,0,0.0943396226415094,0.1923076923076923,0.1555555555555555,0.1923076923076923,0.752317880794702,0.217391304347826,0.303030303030303,0.25,0.6569230769230768,0005
0.0,0.4444444444444444,0.6666666666666667,0.0,0.48148148148148145,0.8181818181818182,0.5833333333333333,0,1,0,0,0.0377358490566037,0.3076923076923077,0.1777777777777777,0.2692307692307693,0.7122043519394511,0.3478260869565217,0.2424242424242424,0.35,0.7238461538461536,0006
0.4666666666666667,0.1111111111111111,0.8,0.4090909090909091,1.0,0.8181818181818182,0.4166666666666667,0,1,0,1,0.0377358490566037,0.2307692307692307,0.1333333333333333,0.2307692307692307,0.7240618101545253,0.2608695652173913,0.2727272727272727,0.3,0.7358974358974358,0007
0.0,0.1111111111111111,0.2666666666666667,0.5454545454545455,0.07407407407407407,0.36363636363636365,0.16666666666666669,0,1,0,0,0.0377358490566037,0.2307692307692307,0.2888888888888889,0.2307692307692307,0.8110035659704534,0.2608695652173913,0.2727272727272727,0.3,0.7538461538461538,0008
0.0,0.1111111111111111,0.33333333333333337,0.5454545454545455,0.962962962962963,0.4545454545454545,0.6666666666666666,0,1,1,0,0.0188679245283018,0.1923076923076923,0.2,0.1538461538461538,0.5562913907284768,0.217391304347826,0.3333333333333333,0.1,0.5653846153846154,0009
0.0,0.1111111111111111,0.5333333333333333,0.8181818181818182,0.962962962962963,0.4545454545454545,0.4166666666666667,0,0,0,0,0.0754716981132075,0.2307692307692307,0.2666666666666666,0.0769230769230769,0.609271523178808,0.2608695652173913,0.3939393939393939,0.05,0.7,0010
0.0,0.1111111111111111,0.8666666666666667,0.5454545454545455,1.0,0.8181818181818182,0.4166666666666667,0,1,0,0,0.0188679245283018,0.2307692307692307,0.1333333333333333,0.1923076923076923,0.6887417218543046,0.2608695652173913,0.1818181818181818,0.3,0.7358974358974358,0011
0.0,0.2222222222222222,0.19999999999999998,0.5454545454545455,0.48148148148148145,0.2727272727272727,0.25,0,0,1,0,0.0377358490566037,0.2307692307692307,0.2,0.1538461538461538,0.6622516556291391,0.2608695652173913,0.1818181818181818,0.0,0.0,0012
0.9333333333333333,0.2222222222222222,0.5333333333333333,0.0909090909090909,0.48148148148148145,0.36363636363636365,0.7499999999999999,0,1,0,0,0.0377358490566037,0.2307692307692307,0.1333333333333333,0.2307692307692307,0.7505518763796909,0.2608695652173913,0.1818181818181818,0.3,0.7269230769230769,0013
0.2,0.1111111111111111,0.13333333333333333,0.18181818181818182,0.1111111111111111,0.8181818181818182,0.3333333333333333,0,1,1,0,0.6226415094339623,0.2307692307692307,0.1777777777777777,0.0769230769230769,0.7152317880794702,0.2608695652173913,0.2727272727272727,0.05,0.7,0014
0.9333333333333333,0.1111111111111111,0.13333333333333333,0.9545454545454546,0.962962962962963,0.8181818181818182,0.49999999999999994,0,1,1,1,0.0566037735849056,0.2307692307692307,0.2222222222222222,0.1923076923076923,0.6675496688741722,0.2608695652173913,0.1818181818181818,0.25,0.7107692307692307,0015
0.4666666666666667,0.4444444444444444,0.8666666666666667,1.0,0.48148148148148145,0.8181818181818182,0.7499999999999999,0,1,0,0,0.0377358490566037,0.2307692307692307,0.1777777777777777,0.1538461538461538,0.5960264900662252,0.2608695652173913,0.0,0.0,0.0,0016
0.0,0.2222222222222222,0.4666666666666667,0.9545454545454546,1.0,0.8181818181818182,0.7499999999999999,0,1,1,0,0.0377358490566037,0.1923076923076923,0.2222222222222222,0.1923076923076923,0.6357615894039735,0.217391304347826,0.2727272727272727,0.25,0.6192307692307691,0017
0.0,0.1111111111111111,0.8666666666666667,0.0,0.0,0.7272727272727273,0.9999999999999999,1,1,0,1,0.0188679245283018,0.2307692307692307,0.1333333333333333,0.2307692307692307,0.7858719646799117,0.2608695652173913,0.1818181818181818,0.3,0.7987179487179487,0018
0.5333333333333333,0.1111111111111111,0.4,0.0909090909090909,0.07407407407407407,0.4545454545454545,0.16666666666666669,0,1,1,0,0.0188679245283018,0.2307692307692307,0.2444444444444444,0.1923076923076923,0.7205298013245033,0.2608695652173913,0.3939393939393939,0.15,0.682051282051282,0019
0.0,0.3333333333333333,0.6666666666666667,0.5454545454545455,1.0,0.6363636363636364,0.5833333333333333,0,1,0,1,0.0377358490566037,0.3076923076923077,0.1777777777777777,0.3076923076923077,0.7192715231788079,0.3478260869565217,0.2424242424242424,0.4,0.7310288461538461,0020
0.4666666666666667,0.5555555555555556,0.0,0.5454545454545455,0.1111111111111111,0.4545454545454545,0.7499999999999999,0,1,1,0,0.0566037735849056,0.0,0.0,0.0,0.0,0.0,0.0,0.0,0.0,0021
0.4666666666666667,0.4444444444444444,0.8,0.0,0.0,0.36363636363636365,0.9166666666666666,0,1,1,0,0.0377358490566037,0.1923076923076923,0.1333333333333333,0.1153846153846153,0.7064017660044151,0.217391304347826,0.1515151515151515,0.05,0.5923076923076923,0022
0.4666666666666667,0.3333333333333333,0.6666666666666667,0.0909090909090909,0.0,0.1818181818181818,0.5833333333333333,0,1,1,0,0.0188679245283018,0.3076923076923077,0.1777777777777777,0.2692307692307693,0.6969157994323558,0.3478260869565217,0.2424242424242424,0.35,0.7083076923076924,0023
0.7333333333333334,0.1111111111111111,0.33333333333333337,0.9545454545454546,0.962962962962963,0.8181818181818182,0.7499999999999999,0,1,1,0,0.320754716981132,0.1923076923076923,0.1777777777777777,0.0384615384615384,0.5298013245033113,0.217391304347826,0.2727272727272727,0.0,0.0,0024
0.0,0.1111111111111111,0.06666666666666668,0.0909090909090909,0.0,0.1818181818181818,0.7499999999999999,0,1,1,0,0.169811320754717,0.2307692307692307,0.1333333333333333,0.2307692307692307,0.6269315673289183,0.2608695652173913,0.1818181818181818,0.3,0.6282051282051281,0025
0.7333333333333334,0.1111111111111111,0.06666666666666668,0.8181818181818182,0.8518518518518519,0.0,0.0,0,1,0,0,0.6415094339622642,0.2307692307692307,0.2666666666666666,0.0,0.0,0.2608695652173913,0.3333333333333333,0.0,0.0,0026
0.7333333333333334,0.1111111111111111,0.06666666666666668,0.5454545454545455,0.962962962962963,0.8181818181818182,0.6666666666666666,1,0,0,0,0.169811320754717,0.2307692307692307,0.2888888888888889,0.1538461538461538,0.6357615894039735,0.2608695652173913,0.2121212121212121,0.25,0.7107692307692307,0027
0.2,0.1111111111111111,0.4,0.18181818181818182,0.1111111111111111,0.1818181818181818,0.0,1,0,0,0,0.2264150943396226,0.3461538461538461,0.3555555555555555,0.2692307692307693,0.612214863870493,0.3043478260869565,0.3636363636363636,0.25,0.7107692307692307,0028
0.7333333333333334,0.1111111111111111,0.13333333333333333,0.9545454545454546,0.962962962962963,0.8181818181818182,0.3333333333333333,0,1,1,0,0.3396226415094339,0.2307692307692307,0.3555555555555555,0.1538461538461538,0.6357615894039735,0.2608695652173913,0.3333333333333333,0.15,0.5564102564102564,0029
0.4666666666666667,0.2222222222222222,0.33333333333333337,0.18181818181818182,0.1111111111111111,0.8181818181818182,0.7499999999999999,0,1,1,0,0.0566037735849056,0.1923076923076923,0.1333333333333333,0.1153846153846153,0.5827814569536424,0.217391304347826,0.1818181818181818,0.0,0.0,0030
0.4666666666666667,0.2222222222222222,0.6,0.5454545454545455,0.48148148148148145,0.8181818181818182,0.5833333333333333,1,1,0,0,0.0754716981132075,0.2307692307692307,0.0,0.0,0.0,0.2608695652173913,0.0,0.0,0.0,0031
0.2,0.1111111111111111,0.8666666666666667,0.5454545454545455,0.0,0.36363636363636365,0.6666666666666666,0,1,1,0,0.1509433962264151,0.2307692307692307,0.1333333333333333,0.2307692307692307,0.7770419426048565,0.2608695652173913,0.1818181818181818,0.3,0.7269230769230769,0032
0.0,0.2222222222222222,0.33333333333333337,1.0,1.0,0.4545454545454545,0.4166666666666667,0,1,1,0,0.0188679245283018,0.1923076923076923,0.2,0.0769230769230769,0.6181015452538631,0.217391304347826,0.2727272727272727,0.1,0.673076923076923,0033
0.7333333333333334,0.1111111111111111,0.7333333333333334,1.0,0.48148148148148145,0.8181818181818182,0.49999999999999994,0,1,0,1,0.1509433962264151,0.2692307692307693,0.2444444444444444,0.1923076923076923,0.6664900662251656,0.3043478260869565,0.2727272727272727,0.3,0.6546153846153845,0034
0.0,0.1111111111111111,0.5333333333333333,0.9545454545454546,1.0,0.8181818181818182,0.25,0,1,0,0,0.0188679245283018,0.2307692307692307,0.2888888888888889,0.1538461538461538,0.5827814569536424,0.2608695652173913,0.3636363636363636,0.25,0.5833333333333334,0035
0.7333333333333334,0.1111111111111111,0.8,0.5454545454545455,0.07407407407407407,0.36363636363636365,0.16666666666666669,0,1,0,1,0.6415094339622642,0.2307692307692307,0.1777777777777777,0.1923076923076923,0.614569536423841,0.2608695652173913,0.2727272727272727,0.25,0.7646153846153845,0036
0.4666666666666667,0.4444444444444444,0.6666666666666667,1.0,0.962962962962963,0.4545454545454545,0.5833333333333333,0,1,1,1,0.0188679245283018,0.2692307692307693,0.1555555555555555,0.2692307692307693,0.7132639545884579,0.3478260869565217,0.2424242424242424,0.4,0.7487980769230769,0037
0.8666666666666667,0.1111111111111111,0.4,0.045454545454545456,0.0,0.1818181818181818,0.25,0,1,0,0,0.0943396226415094,0.1923076923076923,0.2444444444444444,0.1538461538461538,0.6490066225165563,0.217391304347826,0.2727272727272727,0.25,0.7153846153846154,0038
0.0,0.3333333333333333,0.8666666666666667,0.0,0.962962962962963,0.36363636363636365,0.4166666666666667,1,1,0,0,0.0188679245283018,0.2307692307692307,0.1333333333333333,0.2307692307692307,0.7593818984547461,0.2608695652173913,0.1818181818181818,0.3,0.7628205128205128,0039
0.8666666666666667,0.1111111111111111,0.5333333333333333,0.5454545454545455,0.48148148148148145,0.36363636363636365,0.6666666666666666,0,1,0,0,0.0754716981132075,0.2307692307692307,0.2888888888888889,0.1153846153846153,0.6357615894039735,0.2608695652173913,0.3636363636363636,0.1,0.6102564102564102,0040
0.4666666666666667,0.3333333333333333,0.19999999999999998,0.9545454545454546,0.962962962962963,0.8181818181818182,0.7499999999999999,0,1,0,0,0.0188679245283018,0.2307692307692307,0.1333333333333333,0.2307692307692307,0.6269315673289183,0.2608695652173913,0.1818181818181818,0.3,0.673076923076923,0041
0.0,0.4444444444444444,0.19999999999999998,0.0,0.0,0.6363636363636364,0.25,0,1,0,0,0.0188679245283018,0.2307692307692307,0.1333333333333333,0.2307692307692307,0.8035320088300221,0.2608695652173913,0.1818181818181818,0.3,0.7628205128205128,0042
0.4666666666666667,0.3333333333333333,0.6666666666666667,0.5454545454545455,0.962962962962963,0.36363636363636365,0.7499999999999999,0,1,1,1,0.0188679245283018,0.2692307692307693,0.1555555555555555,0.2307692307692307,0.7028697571743929,0.3043478260869565,0.2121212121212121,0.3,0.7143589743589742,0043
0.0,0.5555555555555556,0.8,0.13636363636363635,0.0,0.36363636363636365,0.8333333333333333,0,1,0,0,0.0188679245283018,0.2307692307692307,0.2222222222222222,0.1538461538461538,0.5960264900662252,0.2608695652173913,0.3333333333333333,0.25,0.6569230769230768,0044
1.0,0.1111111111111111,0.9333333333333333,0.9545454545454546,0.962962962962963,0.6363636363636364,0.6666666666666666,0,1,0,0,0.3396226415094339,0.2692307692307693,0.1555555555555555,0.0,0.0,0.2608695652173913,0.0,0.0,0.0,0045
0.0,0.4444444444444444,0.8666666666666667,0.0,0.07407407407407407,0.36363636363636365,0.5833333333333333,0,1,0,0,0.0566037735849056,0.1538461538461538,0.0888888888888888,0.0,0.0,0.2608695652173913,0.0,0.0,0.0,0046
0.7333333333333334,0.1111111111111111,0.7333333333333334,0.5454545454545455,0.07407407407407407,0.8181818181818182,0.16666666666666669,0,1,0,0,0.1509433962264151,0.2692307692307693,0.3111111111111111,0.2692307692307693,0.6331125827814569,0.3478260869565217,0.4545454545454546,0.35,0.6484615384615385,0047
0.4666666666666667,0.1111111111111111,0.0,0.0,0.0,0.5454545454545454,0.5833333333333333,0,1,0,0,0.0188679245283018,0.0,0.0,0.0,0.0,0.0,0.0,0.0,0.0,0048
0.7333333333333334,0.1111111111111111,1.0,0.9545454545454546,0.48148148148148145,0.8181818181818182,0.16666666666666669,0,0,0,0,0.4339622641509433,0.1538461538461538,0.0888888888888888,0.0,0.0,0.217391304347826,0.0,0.0,0.0,0049
0.0,0.1111111111111111,0.5333333333333333,0.5454545454545455,1.0,0.8181818181818182,0.7499999999999999,1,1,0,1,0.0188679245283018,0.2307692307692307,0.1777777777777777,0.1923076923076923,0.614569536423841,0.2608695652173913,0.3636363636363636,0.2,0.5923076923076923,0050
0.4666666666666667,0.1111111111111111,0.8,0.5454545454545455,1.0,0.36363636363636365,0.8333333333333333,0,1,0,0,0.0377358490566037,0.2307692307692307,0.2222222222222222,0.1923076923076923,0.609271523178808,0.2608695652173913,0.2727272727272727,0.2,0.7861538461538461,0051
0.5333333333333333,0.3333333333333333,0.19999999999999998,1.0,0.962962962962963,0.8181818181818182,0.5833333333333333,0,1,0,1,0.0377358490566037,0.2307692307692307,0.1333333333333333,0.2307692307692307,0.6710816777041942,0.2608695652173913,0.1818181818181818,0.3,0.7,0052
0.0,0.2222222222222222,0.2666666666666667,1.0,0.962962962962963,0.4545454545454545,0.5833333333333333,0,1,0,0,0.0188679245283018,0.1923076923076923,0.2,0.1538461538461538,0.6887417218543046,0.217391304347826,0.2424242424242424,0.25,0.7076923076923076,0053
0.9333333333333333,0.1111111111111111,0.4,0.18181818181818182,0.0,0.1818181818181818,0.4166666666666667,0,1,1,0,0.0377358490566037,0.2307692307692307,0.2888888888888889,0.1923076923076923,0.614569536423841,0.2608695652173913,0.3636363636363636,0.1,0.5923076923076923,0054
0.4666666666666667,0.1111111111111111,0.4666666666666667,0.0,1.0,0.8181818181818182,0.7499999999999999,0,1,1,0,0.0377358490566037,0.1923076923076923,0.2222222222222222,0.0769230769230769,0.5562913907284768,0.217391304347826,0.1515151515151515,0.2,0.6326923076923077,0055
0.7333333333333334,0.1111111111111111,1.0,0.5454545454545455,0.48148148148148145,0.8181818181818182,0.7499999999999999,0,1,1,0,0.1320754716981132,0.1923076923076923,0.1555555555555555,0.1153846153846153,0.6004415011037528,0.217391304347826,0.1818181818181818,0.0,0.0,0056
0.0,0.3333333333333333,0.6666666666666667,0.9545454545454546,1.0,0.8181818181818182,0.4166666666666667,0,1,0,0,0.0377358490566037,0.2692307692307693,0.1555555555555555,0.2307692307692307,0.6596026490066225,0.3043478260869565,0.2121212121212121,0.3,0.6703846153846152,0057
0.0,0.1111111111111111,0.0,0.5454545454545455,0.962962962962963,0.4545454545454545,0.49999999999999994,1,0,0,0,0.0188679245283018,0.0,0.0,0.0,0.0,0.0,0.0,0.0,0.0,0058
0.4666666666666667,0.2222222222222222,0.6666666666666667,0.5454545454545455,0.0,0.4545454545454545,0.3333333333333333,0,1,0,0,0.0188679245283018,0.2692307692307693,0.1777777777777777,0.2692307692307693,0.7049668874172186,0.3478260869565217,0.2424242424242424,0.4,0.7831923076923076,0059
0.2,0.1111111111111111,0.13333333333333333,0.0,0.0,0.36363636363636365,0.49999999999999994,0,1,1,0,0.2075471698113207,0.2307692307692307,0.3111111111111111,0.2307692307692307,0.7880794701986755,0.2608695652173913,0.3636363636363636,0.3,0.8507692307692307,0060
0.9333333333333333,0.1111111111111111,0.4,1.0,0.962962962962963,0.36363636363636365,0.7499999999999999,0,1,0,1,0.0566037735849056,0.2307692307692307,0.2444444444444444,0.1538461538461538,0.6357615894039735,0.2608695652173913,0.2727272727272727,0.2,0.5788461538461538,0061
0.7333333333333334,0.1111111111111111,0.06666666666666668,0.9545454545454546,0.962962962962963,0.8181818181818182,0.7499999999999999,0,1,0,0,0.7735849056603774,0.2307692307692307,0.3111111111111111,0.1923076923076923,0.656953642384106,0.2608695652173913,0.303030303030303,0.25,0.6246153846153846,0062
0.0,0.1111111111111111,0.4666666666666667,1.0,1.0,0.6363636363636364,0.5833333333333333,0,1,0,1,0.0188679245283018,0.1923076923076923,0.1555555555555555,0.1538461538461538,0.6887417218543046,0.217391304347826,0.2424242424242424,0.15,0.6641025641025641,0063
0.0,0.2222222222222222,0.6666666666666667,0.0,0.962962962962963,0.36363636363636365,0.3333333333333333,0,1,0,1,0.0377358490566037,0.2692307692307693,0.1555555555555555,0.2692307692307693,0.6620245979186377,0.3478260869565217,0.2727272727272727,0.35,0.6592307692307693,0064
0.0,0.4444444444444444,0.4666666666666667,0.0,0.48148148148148145,0.36363636363636365,0.4166666666666667,0,1,0,0,0.0188679245283018,0.1923076923076923,0.2,0.1538461538461538,0.5960264900662252,0.217391304347826,0.1818181818181818,0.2,0.5923076923076923,0065
0.7333333333333334,0.1111111111111111,0.33333333333333337,0.9545454545454546,1.0,0.8181818181818182,0.6666666666666666,1,1,1,0,0.1320754716981132,0.1923076923076923,0.2444444444444444,0.0,0.0,0.217391304347826,0.1515151515151515,0.0,0.0,0066
0.9333333333333333,0.1111111111111111,0.13333333333333333,0.045454545454545456,0.07407407407407407,0.8181818181818182,0.49999999999999994,0,1,1,0,0.0566037735849056,0.2307692307692307,0.2666666666666666,0.1538461538461538,0.5721854304635762,0.2608695652173913,0.3939393939393939,0.2,0.6461538461538461,0067
0.0,0.1111111111111111,0.5333333333333333,0.0,0.0,0.2727272727272727,0.25,0,1,0,1,0.0566037735849056,0.2307692307692307,0.1555555555555555,0.2307692307692307,0.7240618101545253,0.2608695652173913,0.2121212121212121,0.3,0.7846153846153845,0068
0.0,0.1111111111111111,0.5333333333333333,0.5454545454545455,0.0,0.6363636363636364,0.25,0,1,1,0,0.0188679245283018,0.2307692307692307,0.2222222222222222,0.1923076923076923,0.614569536423841,0.2608695652173913,0.1818181818181818,0.3,0.6012820512820513,0069
0.4666666666666667,0.1111111111111111,0.2666666666666667,0.9545454545454546,1.0,0.6363636363636364,0.7499999999999999,0,1,0,0,0.0377358490566037,0.1923076923076923,0.2444444444444444,0.1538461538461538,0.7205298013245033,0.217391304347826,0.2727272727272727,0.2,0.6569230769230768,0070
0.06666666666666667,0.1111111111111111,0.2666666666666667,0.5454545454545455,0.48148148148148145,0.36363636363636365,0.4166666666666667,0,1,0,0,0.0754716981132075,0.1923076923076923,0.1333333333333333,0.1923076923076923,0.752317880794702,0.217391304347826,0.1515151515151515,0.25,0.796923076923077,0071
0.06666666666666667,0.1111111111111111,0.7333333333333334,0.5454545454545455,0.0,0.8181818181818182,0.3333333333333333,1,1,0,0,0.0377358490566037,0.2692307692307693,0.2444444444444444,0.0,0.0,0.3043478260869565,0.3333333333333333,0.1,0.6282051282051281,0072
0.0,0.1111111111111111,0.5333333333333333,1.0,1.0,0.7272727272727273,0.9999999999999999,1,1,0,1,0.0566037735849056,0.2307692307692307,0.1555555555555555,0.1923076923076923,0.6039735099337749,0.2608695652173913,0.2727272727272727,0.3,0.6192307692307691,0073
0.4666666666666667,0.1111111111111111,0.2666666666666667,0.045454545454545456,0.48148148148148145,0.1818181818181818,0.3333333333333333,0,1,0,1,0.0566037735849056,0.2307692307692307,0.1333333333333333,0.2307692307692307,0.7858719646799117,0.2608695652173913,0.2424242424242424,0.3,0.6538461538461537,0074
0.7333333333333334,0.1111111111111111,0.13333333333333333,0.0909090909090909,0.48148148148148145,0.36363636363636365,0.49999999999999994,0,1,1,0,0.2830188679245283,0.2307692307692307,0.1777777777777777,0.2307692307692307,1.0,0.5217391304347826,0.4242424242424242,0.6000000000000001,0.9526627218934912,0075
0.7333333333333334,0.1111111111111111,0.33333333333333337,0.9545454545454546,0.07407407407407407,0.8181818181818182,0.25,0,1,1,0,0.2075471698113207,0.1923076923076923,0.2444444444444444,0.1538461538461538,0.5562913907284768,0.217391304347826,0.3636363636363636,0.2,0.5923076923076923,0076
0.7333333333333334,0.1111111111111111,0.33333333333333337,0.0,1.0,0.36363636363636365,0.5833333333333333,0,0,1,0,0.1509433962264151,0.1923076923076923,0.1777777777777777,0.0,0.0,0.217391304347826,0.1515151515151515,0.0,0.0,0077
0.4666666666666667,0.2222222222222222,0.6,0.5454545454545455,0.962962962962963,0.8181818181818182,0.7499999999999999,0,0,0,0,0.0188679245283018,0.2307692307692307,0.1555555555555555,0.1923076923076923,0.6675496688741722,0.2608695652173913,0.1818181818181818,0.25,0.6353846153846153,0078
0.0,0.1111111111111111,0.2666666666666667,0.5454545454545455,0.0,0.7272727272727273,0.5833333333333333,0,1,0,0,0.0377358490566037,0.2307692307692307,0.1777777777777777,0.2307692307692307,0.7341532639545885,0.2608695652173913,0.2727272727272727,0.25,0.7215384615384615,0079
0.0,0.1111111111111111,0.0,0.5454545454545455,0.48148148148148145,0.2727272727272727,0.8333333333333333,0,1,0,0,0.0754716981132075,0.6538461538461539,0.4444444444444445,0.6538461538461539,0.6357615894039735,0.7391304347826086,0.5454545454545454,0.8500000000000001,0.682051282051282,0080
0.4666666666666667,0.1111111111111111,0.33333333333333337,0.5454545454545455,0.0,0.36363636363636365,0.4166666666666667,0,1,1,0,0.0566037735849056,0.1923076923076923,0.2222222222222222,0.1538461538461538,0.609271523178808,0.217391304347826,0.3333333333333333,0.0,0.0,0081
0.8666666666666667,0.1111111111111111,0.6666666666666667,0.9545454545454546,0.962962962962963,0.8181818181818182,0.7499999999999999,0,1,0,0,0.3962264150943396,0.3076923076923077,0.2666666666666666,0.1923076923076923,0.6954172185430463,0.3478260869565217,0.3636363636363636,0.25,0.7067846153846153,0082
0.5333333333333333,0.2222222222222222,0.19999999999999998,1.0,0.48148148148148145,0.4545454545454545,0.4166666666666667,0,1,1,0,0.0188679245283018,0.2307692307692307,0.1777777777777777,0.1923076923076923,0.5827814569536424,0.2608695652173913,0.1818181818181818,0.2,0.5788461538461538,0083
0.4666666666666667,0.2222222222222222,0.9333333333333333,0.0,0.48148148148148145,0.4545454545454545,0.4166666666666667,0,1,0,0,0.0188679245283018,0.2692307692307693,0.2222222222222222,0.2692307692307693,0.6433301797540207,0.3043478260869565,0.2121212121212121,0.35,0.7076923076923076,0084
0.0,0.6666666666666666,0.33333333333333337,0.045454545454545456,0.0,0.2727272727272727,0.4166666666666667,0,1,1,0,0.0188679245283018,0.1923076923076923,0.2222222222222222,0.0,0.0,0.217391304347826,0.303030303030303,0.05,0.5384615384615384,0085
0.9333333333333333,0.1111111111111111,0.13333333333333333,0.9545454545454546,0.962962962962963,0.8181818181818182,0.8333333333333333,1,0,0,0,0.2264150943396226,0.2307692307692307,0.2888888888888889,0.1153846153846153,0.6754966887417219,0.2608695652173913,0.2424242424242424,0.15,0.6102564102564102,0086
0.0,0.5555555555555556,0.8666666666666667,0.8181818181818182,1.0,0.0,0.6666666666666666,0,0,0,1,0.0188679245283018,0.2307692307692307,0.2666666666666666,0.1153846153846153,0.6357615894039735,0.2608695652173913,0.4545454545454546,0.15,0.5743589743589743,0087
0.0,0.4444444444444444,0.6666666666666667,0.5454545454545455,0.962962962962963,0.8181818181818182,0.5833333333333333,1,1,0,0,0.0188679245283018,0.3076923076923077,0.2,0.3076923076923077,0.763046357615894,0.3478260869565217,0.2727272727272727,0.4,0.7755192307692307,0088
0.4666666666666667,0.3333333333333333,0.19999999999999998,1.0,0.962962962962963,0.4545454545454545,0.4166666666666667,0,1,1,0,0.0188679245283018,0.2307692307692307,0.1333333333333333,0.2307692307692307,0.6799116997792495,0.2608695652173913,0.2424242424242424,0.25,0.6138461538461538,0089
0.8666666666666667,0.1111111111111111,0.06666666666666668,0.8181818181818182,0.8518518518518519,0.0,0.0,0,0,0,0,0.320754716981132,0.2692307692307693,0.2888888888888889,0.1153846153846153,0.6357615894039735,0.3043478260869565,0.4545454545454546,0.05,0.7,0090
0.0,0.2222222222222222,0.8666666666666667,0.0,0.48148148148148145,0.36363636363636365,0.4166666666666667,0,1,0,0,0.0188679245283018,0.1923076923076923,0.1555555555555555,0.0769230769230769,0.5298013245033113,0.0434782608695652,0.0303030303030303,0.0,0.0,0091
0.4666666666666667,0.1111111111111111,0.6,0.0,0.0,0.8181818181818182,0.8333333333333333,1,1,0,0,0.0188679245283018,0.2307692307692307,0.2,0.1538461538461538,0.5827814569536424,0.2608695652173913,0.3636363636363636,0.15,0.6102564102564102,0092
0.06666666666666667,0.1111111111111111,0.8666666666666667,0.9545454545454546,0.962962962962963,0.8181818181818182,0.49999999999999994,0,1,0,0,0.7924528301886793,0.2307692307692307,0.1777777777777777,0.2307692307692307,0.6445916114790287,0.2608695652173913,0.2121212121212121,0.2,0.6326923076923077,0093
0.2,0.1111111111111111,0.6,0.0,0.0,0.2727272727272727,0.49999999999999994,0,1,0,0,0.4150943396226415,0.5,0.3111111111111111,0.5,0.729495669893021,0.5217391304347826,0.4848484848484848,0.6000000000000001,0.7852564102564102,0094
0.0,0.1111111111111111,0.8666666666666667,1.0,0.48148148148148145,0.8181818181818182,0.7499999999999999,0,1,0,0,0.0188679245283018,0.2307692307692307,0.1333333333333333,0.2307692307692307,0.6799116997792495,0.2608695652173913,0.1818181818181818,0.3,0.7448717948717949,0095
0.8,0.1111111111111111,1.0,0.5454545454545455,0.48148148148148145,0.4545454545454545,0.4166666666666667,0,1,1,0,0.2452830188679245,0.576923076923077,0.3333333333333333,0.5,0.6072338257768721,0.4782608695652174,0.4545454545454546,0.5,0.6237179487179487,0096
0.0,0.1111111111111111,0.06666666666666668,0.0909090909090909,0.0,0.09090909090909091,0.5833333333333333,0,1,0,0,0.169811320754717,0.3076923076923077,0.2444444444444444,0.2692307692307693,0.6754966887417219,0.3043478260869565,0.2121212121212121,0.35,0.6615384615384615,0097
0.0,0.4444444444444444,0.6666666666666667,1.0,0.962962962962963,0.6363636363636364,0.5833333333333333,0,1,0,0,0.0377358490566037,0.2692307692307693,0.2,0.2692307692307693,0.7567328918322298,0.3478260869565217,0.2727272727272727,0.4,0.7067606837606837,0098
0.7333333333333334,0.1111111111111111,0.33333333333333337,0.0,1.0,0.9999999999999999,0.9166666666666666,0,1,1,0,0.2264150943396226,0.1153846153846153,0.0666666666666666,0.0,0.0,0.217391304347826,0.0,0.0,0.0,0099
0.7333333333333334,0.1111111111111111,0.6666666666666667,0.9545454545454546,1.0,0.8181818181818182,0.8333333333333333,0,1,0,0,0.4150943396226415,0.2692307692307693,0.2666666666666666,0.1538461538461538,0.6357615894039735,0.3043478260869565,0.3939393939393939,0.2,0.6764423076923076,0100
0.0,0.1111111111111111,0.8666666666666667,1.0,1.0,0.5454545454545454,0.25,0,1,1,1,0.0188679245283018,0.2307692307692307,0.2666666666666666,0.1538461538461538,0.609271523178808,0.2608695652173913,0.303030303030303,0.25,0.6784615384615383,0101
0.0,0.5555555555555556,0.6666666666666667,0.9545454545454546,0.962962962962963,0.8181818181818182,0.4166666666666667,0,1,0,1,0.0377358490566037,0.2692307692307693,0.2222222222222222,0.2692307692307693,0.7612185430463576,0.3478260869565217,0.2424242424242424,0.4,0.7780096153846153,0102
0.8666666666666667,0.2222222222222222,0.4666666666666667,0.8181818181818182,0.962962962962963,0.8181818181818182,0.7499999999999999,0,1,1,0,0.1132075471698113,0.3846153846153846,0.4222222222222222,0.3076923076923077,0.6158940397350994,0.4347826086956521,0.4848484848484848,0.5,0.602097902097902,0103
0.0,0.3333333333333333,0.33333333333333337,0.0909090909090909,0.0,0.2727272727272727,0.3333333333333333,0,1,1,0,0.0188679245283018,0.1923076923076923,0.2,0.1538461538461538,0.6357615894039735,0.217391304347826,0.303030303030303,0.1,0.5923076923076923,0104
0.0,0.4444444444444444,0.4666666666666667,0.0909090909090909,0.0,0.2727272727272727,0.3333333333333333,0,1,1,0,0.0377358490566037,0.1923076923076923,0.1111111111111111,0.0,0.0,0.217391304347826,0.1515151515151515,0.0,0.0,0105
0.4666666666666667,0.4444444444444444,0.5333333333333333,0.5454545454545455,0.48148148148148145,0.4545454545454545,0.6666666666666666,0,1,0,0,0.0188679245283018,0.2307692307692307,0.2222222222222222,0.1923076923076923,0.6357615894039735,0.2608695652173913,0.3333333333333333,0.2,0.6461538461538461,0106
0.0,0.1111111111111111,0.8666666666666667,0.5454545454545455,0.962962962962963,0.8181818181818182,0.7499999999999999,1,0,1,1,0.0188679245283018,0.2307692307692307,0.2444444444444444,0.1923076923076923,0.6445916114790287,0.2608695652173913,0.4545454545454546,0.15,0.6461538461538461,0107
0.4666666666666667,0.3333333333333333,0.6666666666666667,0.5454545454545455,0.0,0.8181818181818182,0.7499999999999999,0,1,0,1,0.0377358490566037,0.2692307692307693,0.1555555555555555,0.2692307692307693,0.7050898770104068,0.3478260869565217,0.303030303030303,0.4,0.6757692307692308,0108
0.0,0.2222222222222222,1.0,0.18181818181818182,0.0,0.36363636363636365,0.3333333333333333,0,1,1,0,0.0377358490566037,0.1923076923076923,0.2444444444444444,0.1538461538461538,0.5827814569536424,0.217391304347826,0.2424242424242424,0.2,0.6596153846153846,0109
0.9333333333333333,0.1111111111111111,0.13333333333333333,0.0,0.48148148148148145,0.36363636363636365,0.8333333333333333,0,1,1,1,0.0754716981132075,0.2307692307692307,0.1777777777777777,0.2307692307692307,0.6887417218543046,0.2608695652173913,0.303030303030303,0.3,0.6798076923076922,0110
0.8666666666666667,0.1111111111111111,1.0,0.0909090909090909,0.07407407407407407,0.36363636363636365,0.3333333333333333,0,1,1,0,0.1320754716981132,0.1923076923076923,0.2222222222222222,0.1538461538461538,0.609271523178808,0.217391304347826,0.3333333333333333,0.25,0.6076923076923076,0111
0.0,0.1111111111111111,0.9333333333333333,0.0,0.0,0.8181818181818182,0.7499999999999999,0,1,0,0,0.0188679245283018,0.2307692307692307,0.2444444444444444,0.1153846153846153,0.6357615894039735,0.2608695652173913,0.3939393939393939,0.1,0.6461538461538461,0112
0.7333333333333334,0.1111111111111111,0.06666666666666668,0.4090909090909091,0.1111111111111111,0.8181818181818182,0.3333333333333333,1,0,0,0,0.3773584905660377,0.2307692307692307,0.1333333333333333,0.0,0.0,0.217391304347826,0.1515151515151515,0.0,0.0,0113
0.7333333333333334,0.1111111111111111,0.5333333333333333,1.0,0.48148148148148145,0.8181818181818182,0.7499999999999999,0,1,0,0,0.1320754716981132,0.2307692307692307,0.2,0.1538461538461538,0.8344370860927153,0.2608695652173913,0.303030303030303,0.25,0.883076923076923,0114
0.4666666666666667,0.1111111111111111,0.5333333333333333,0.0,0.0,0.4545454545454545,0.49999999999999994,0,1,0,1,0.0566037735849056,0.2307692307692307,0.2,0.2307692307692307,0.6004415011037528,0.2608695652173913,0.1818181818181818,0.3,0.6641025641025641,0115
0.0,0.3333333333333333,0.6666666666666667,0.5454545454545455,0.48148148148148145,0.8181818181818182,0.7499999999999999,0,1,0,0,0.0188679245283018,0.3076923076923077,0.1777777777777777,0.2692307692307693,0.8295175023651844,0.3478260869565217,0.2424242424242424,0.35,0.843076923076923,0116
0.0,0.1111111111111111,0.9333333333333333,0.5454545454545455,0.48148148148148145,0.8181818181818182,0.7499999999999999,0,1,0,0,0.1132075471698113,0.2307692307692307,0.2,0.1923076923076923,0.614569536423841,0.2608695652173913,0.2727272727272727,0.15,0.5923076923076923,0117
0.0,0.1111111111111111,0.7333333333333334,0.5454545454545455,0.48148148148148145,0.7272727272727273,0.9999999999999999,1,1,1,0,0.1320754716981132,0.2692307692307693,0.1555555555555555,0.2692307692307693,0.6501419110690634,0.3478260869565217,0.303030303030303,0.35,0.7353846153846153,0118
1.0,0.1111111111111111,0.33333333333333337,0.045454545454545456,0.962962962962963,0.1818181818181818,0.7499999999999999,0,1,1,0,0.0377358490566037,0.1923076923076923,0.2222222222222222,0.0,0.0,0.217391304347826,0.2121212121212121,0.05,0.5384615384615384,0119
0.8666666666666667,0.1111111111111111,0.5333333333333333,0.9545454545454546,0.962962962962963,0.8181818181818182,0.7499999999999999,0,1,0,0,0.3584905660377358,0.6153846153846154,0.5333333333333333,0.5,0.5664798777381559,0.5652173913043478,0.5757575757575758,0.45,0.6627218934911242,0120
0.8666666666666667,0.1111111111111111,0.06666666666666668,0.9545454545454546,0.962962962962963,0.8181818181818182,0.7499999999999999,0,1,0,0,0.1132075471698113,0.5,0.3333333333333333,0.3461538461538461,0.5827814569536424,0.4782608695652174,0.3636363636363636,0.35,0.623076923076923,0121
0.0,0.6666666666666666,0.4666666666666667,0.0909090909090909,0.48148148148148145,0.36363636363636365,0.4166666666666667,0,1,1,0,0.0566037735849056,0.1923076923076923,0.3111111111111111,0.1153846153846153,0.656953642384106,0.217391304347826,0.2424242424242424,0.25,0.5833333333333334,0122
0.7333333333333334,0.1111111111111111,0.6,0.0909090909090909,0.48148148148148145,0.2727272727272727,0.4166666666666667,0,0,1,0,0.1320754716981132,0.2307692307692307,0.0,0.0,0.0,0.2608695652173913,0.0,0.0,0.0,0123
0.7333333333333334,0.2222222222222222,1.0,0.9545454545454546,0.962962962962963,0.8181818181818182,0.7499999999999999,0,1,1,0,0.6415094339622642,0.1538461538461538,0.0888888888888888,0.0,0.0,0.217391304347826,0.0,0.0,0.0,0124
0.0,0.1111111111111111,0.4666666666666667,0.0,1.0,0.4545454545454545,0.4166666666666667,1,1,0,0,0.0377358490566037,0.1923076923076923,0.2222222222222222,0.1923076923076923,0.5761589403973509,0.217391304347826,0.2424242424242424,0.2,0.6676923076923077,0125
0.0,0.1111111111111111,0.6666666666666667,0.5454545454545455,0.962962962962963,0.8181818181818182,0.7499999999999999,0,1,0,0,0.0188679245283018,0.3076923076923077,0.1777777777777777,0.2692307692307693,0.7489877010406814,0.3478260869565217,0.2424242424242424,0.35,0.7612307692307694,0126
0.4666666666666667,0.6666666666666666,0.6666666666666667,0.0,0.0,0.36363636363636365,0.25,0,1,1,1,0.0188679245283018,0.2692307692307693,0.1555555555555555,0.2692307692307693,0.6738315988647114,0.3478260869565217,0.3333333333333333,0.4,0.6895299145299145,0127
0.7333333333333334,0.1111111111111111,0.4666666666666667,1.0,1.0,0.8181818181818182,0.6666666666666666,0,1,0,0,0.1320754716981132,0.1923076923076923,0.2666666666666666,0.0769230769230769,0.5562913907284768,0.217391304347826,0.2727272727272727,0.2,0.5384615384615384,0128
0.4666666666666667,0.4444444444444444,0.6666666666666667,0.0909090909090909,0.0,0.1818181818181818,0.4166666666666667,0,1,0,0,0.0188679245283018,0.2692307692307693,0.1555555555555555,0.2692307692307693,0.712961210974456,0.3478260869565217,0.2424242424242424,0.4,0.8144230769230769,0129
0.0,0.1111111111111111,0.4666666666666667,1.0,1.0,0.8181818181818182,0.7499999999999999,0,1,0,1,0.0754716981132075,0.1923076923076923,0.2222222222222222,0.1923076923076923,0.7265846736045412,0.217391304347826,0.2121212121212121,0.25,0.7753846153846153,0130
0.4666666666666667,0.1111111111111111,0.9333333333333333,0.0,1.0,0.36363636363636365,0.8333333333333333,0,1,0,0,0.0188679245283018,0.2307692307692307,0.2222222222222222,0.1538461538461538,0.6887417218543046,0.2608695652173913,0.2727272727272727,0.25,0.7358974358974358,0131
0.2,0.1111111111111111,1.0,0.18181818181818182,0.07407407407407407,0.2727272727272727,0.25,0,1,0,0,0.1886792452830188,0.1923076923076923,0.1111111111111111,0.1923076923076923,0.805298013245033,0.217391304347826,0.1818181818181818,0.25,0.7538461538461538,0132
0.0,0.1111111111111111,0.4,0.0909090909090909,0.0,0.1818181818181818,0.3333333333333333,0,1,1,0,0.0188679245283018,0.1923076923076923,0.1555555555555555,0.1153846153846153,0.7240618101545253,0.217391304347826,0.1515151515151515,0.25,0.7107692307692307,0133
0.0,0.1111111111111111,0.6666666666666667,0.5454545454545455,0.48148148148148145,0.36363636363636365,0.8333333333333333,0,1,0,0,0.0566037735849056,0.3076923076923077,0.1777777777777777,0.2692307692307693,0.6720908230842004,0.3478260869565217,0.2424242424242424,0.35,0.6830769230769229,0134
0.0,0.6666666666666666,0.19999999999999998,0.0,0.0,0.8181818181818182,0.7499999999999999,0,1,1,0,0.0943396226415094,0.2307692307692307,0.1333333333333333,0.2307692307692307,0.7505518763796909,0.2608695652173913,0.2424242424242424,0.3,0.7336538461538461,0135
0.7333333333333334,0.1111111111111111,0.7333333333333334,0.9545454545454546,1.0,0.8181818181818182,0.7499999999999999,0,1,0,0,0.2264150943396226,0.2692307692307693,0.2,0.0384615384615384,0.5298013245033113,0.3043478260869565,0.0,0.0,0.0,0136
0.4666666666666667,0.4444444444444444,0.6,0.0,0.0,0.36363636363636365,0.16666666666666669,0,1,1,0,0.0377358490566037,0.2307692307692307,0.1555555555555555,0.1923076923076923,0.6463576158940397,0.2608695652173913,0.3636363636363636,0.1,0.6461538461538461,0137
0.7333333333333334,0.1111111111111111,0.06666666666666668,0.8181818181818182,0.8518518518518519,0.0,0.0,0,1,0,0,0.5471698113207546,0.2307692307692307,0.2,0.2307692307692307,0.7064017660044151,0.2608695652173913,0.1818181818181818,0.3,0.6371794871794871,0138
0.0,0.2222222222222222,0.8666666666666667,0.5454545454545455,0.48148148148148145,0.36363636363636365,0.5833333333333333,0,1,0,0,0.0188679245283018,0.2307692307692307,0.1333333333333333,0.2307692307692307,0.7064017660044151,0.2608695652173913,0.1818181818181818,0.3,0.6461538461538461,0139
0.0,0.1111111111111111,0.6666666666666667,0.9545454545454546,0.962962962962963,0.8181818181818182,0.7499999999999999,0,1,1,0,0.0188679245283018,0.3076923076923077,0.2444444444444444,0.2307692307692307,0.7150551876379692,0.3478260869565217,0.3333333333333333,0.3,0.7267435897435898,0140
0.8666666666666667,0.1111111111111111,0.06666666666666668,0.9545454545454546,0.962962962962963,0.0,0.49999999999999994,0,0,0,0,0.4528301886792452,0.2307692307692307,0.1333333333333333,0.0,0.0,0.2608695652173913,0.3636363636363636,0.0,0.0,0141
0.4666666666666667,0.6666666666666666,0.8,1.0,0.0,0.8181818181818182,0.5833333333333333,0,1,1,0,0.0566037735849056,0.2307692307692307,0.1777777777777777,0.1538461538461538,0.7549668874172185,0.2608695652173913,0.303030303030303,0.25,0.7538461538461538,0142
0.2,0.1111111111111111,0.6666666666666667,0.8181818181818182,0.8518518518518519,0.0,0.0,0,1,0,0,0.2075471698113207,0.2692307692307693,0.0,0.0,0.0,0.3478260869565217,0.0,0.0,0.0,0143
0.0,0.1111111111111111,0.0,0.0,0.0,0.8181818181818182,0.5833333333333333,0,0,0,0,0.0377358490566037,0.4615384615384615,0.2666666666666666,0.4615384615384615,0.8079470198675497,0.4782608695652174,0.3636363636363636,0.55,0.8076923076923076,0144
0.9333333333333333,0.1111111111111111,0.06666666666666668,0.0,0.0,0.4545454545454545,0.4166666666666667,0,1,1,0,0.3773584905660377,0.6153846153846154,0.3777777777777777,0.6153846153846154,0.7483443708609272,0.4782608695652174,0.4242424242424242,0.5,0.7,0145
0.0,0.2222222222222222,0.19999999999999998,1.0,0.48148148148148145,0.6363636363636364,0.5833333333333333,0,1,1,0,0.0188679245283018,0.2307692307692307,0.1555555555555555,0.2307692307692307,0.6799116997792495,0.2608695652173913,0.2121212121212121,0.3,0.6769230769230768,0146
0.4666666666666667,0.1111111111111111,0.8666666666666667,1.0,0.48148148148148145,0.8181818181818182,0.8333333333333333,0,1,1,0,0.0188679245283018,0.2307692307692307,0.1333333333333333,0.2307692307692307,0.6710816777041942,0.2608695652173913,0.2121212121212121,0.25,0.7323076923076922,0147
0.4666666666666667,0.1111111111111111,0.4666666666666667,0.0909090909090909,0.07407407407407407,0.1818181818181818,0.16666666666666669,0,1,0,0,0.0566037735849056,0.1923076923076923,0.2222222222222222,0.1538461538461538,0.5827814569536424,0.217391304347826,0.2121212121212121,0.2,0.6192307692307691,0148
0.0,0.6666666666666666,0.6666666666666667,0.0,0.962962962962963,0.6363636363636364,0.5833333333333333,0,1,0,0,0.0377358490566037,0.2692307692307693,0.0,0.0,0.0,0.3478260869565217,0.0,0.0,0.0,0149
0.7333333333333334,0.1111111111111111,0.06666666666666668,0.9545454545454546,0.962962962962963,0.8181818181818182,0.7499999999999999,0,1,0,1,0.3396226415094339,0.2307692307692307,0.1777777777777777,0.2307692307692307,0.5739514348785872,0.2608695652173913,0.2121212121212121,0.3,0.6192307692307691,0150
0.0,0.1111111111111111,0.2666666666666667,0.9545454545454546,0.48148148148148145,0.8181818181818182,0.7499999999999999,0,1,1,0,0.0566037735849056,0.1923076923076923,0.1777777777777777,0.1923076923076923,0.6781456953642384,0.217391304347826,0.2727272727272727,0.2,0.7358974358974358,0151
0.7333333333333334,0.1111111111111111,1.0,0.9545454545454546,0.962962962962963,0.8181818181818182,0.7499999999999999,0,1,0,0,0.3773584905660377,0.1923076923076923,0.3111111111111111,0.0769230769230769,0.5298013245033113,0.217391304347826,0.2121212121212121,0.15,0.6102564102564102,0152
0.7333333333333334,0.1111111111111111,0.4,0.9545454545454546,1.0,0.8181818181818182,0.7499999999999999,0,1,1,0,0.679245283018868,0.1923076923076923,0.2,0.1538461538461538,0.6490066225165563,0.217391304347826,0.2424242424242424,0.2,0.6326923076923077,0153
0.0,0.1111111111111111,0.0,0.0909090909090909,0.07407407407407407,0.1818181818181818,0.4166666666666667,0,1,0,0,0.0377358490566037,0.4615384615384615,0.2888888888888889,0.4615384615384615,0.6534216335540839,0.4782608695652174,0.3636363636363636,0.5,0.6853146853146853,0154
0.4666666666666667,0.2222222222222222,0.8,0.0,0.48148148148148145,0.4545454545454545,0.25,0,1,1,0,0.0754716981132075,0.1923076923076923,0.1555555555555555,0.1153846153846153,0.6534216335540839,0.217391304347826,0.1515151515151515,0.2,0.6057692307692307,0155
0.7333333333333334,0.1111111111111111,0.6666666666666667,0.0,0.0,0.36363636363636365,0.7499999999999999,0,1,1,0,0.1320754716981132,0.3076923076923077,0.1777777777777777,0.2692307692307693,0.6751182592242195,0.3478260869565217,0.2424242424242424,0.35,0.6861538461538461,0156
0.7333333333333334,0.1111111111111111,1.0,1.0,1.0,0.2727272727272727,0.25,0,1,0,0,0.1509433962264151,0.1923076923076923,0.2444444444444444,0.1153846153846153,0.565121412803532,0.217391304347826,0.3333333333333333,0.15,0.6102564102564102,0157
0.0,0.1111111111111111,0.0,0.5454545454545455,0.0,0.8181818181818182,0.5833333333333333,0,1,1,0,0.0188679245283018,0.0,0.0,0.0,0.0,0.0,0.0,0.0,0.0,0158
0.7333333333333334,0.1111111111111111,0.4,0.9545454545454546,0.962962962962963,0.8181818181818182,0.8333333333333333,1,1,1,0,0.5094339622641508,0.2307692307692307,0.2,0.1923076923076923,0.6130558183538316,0.2608695652173913,0.3333333333333333,0.0,0.0,0159
0.0,0.1111111111111111,0.2666666666666667,0.5454545454545455,0.0,0.4545454545454545,0.3333333333333333,0,1,0,0,0.0566037735849056,0.1923076923076923,0.1555555555555555,0.1538461538461538,0.6754966887417219,0.217391304347826,0.1515151515151515,0.25,0.7215384615384615,0160
0.7333333333333334,0.1111111111111111,1.0,0.9545454545454546,0.962962962962963,0.6363636363636364,0.7499999999999999,0,0,1,0,0.2075471698113207,0.1923076923076923,0.0,0.0,0.0,0.217391304347826,0.0,0.0,0.0,0161
0.06666666666666667,0.2222222222222222,0.5333333333333333,0.5454545454545455,0.962962962962963,0.8181818181818182,0.5833333333333333,0,1,0,1,0.0377358490566037,0.2307692307692307,0.1777777777777777,0.1538461538461538,0.5960264900662252,0.2608695652173913,0.1818181818181818,0.3,0.6461538461538461,0162
0.4666666666666667,0.1111111111111111,0.4666666666666667,0.5454545454545455,1.0,0.36363636363636365,0.3333333333333333,0,1,1,0,0.0754716981132075,0.1923076923076923,0.2222222222222222,0.0384615384615384,0.5298013245033113,0.217391304347826,0.1515151515151515,0.0,0.0,0163
0.8666666666666667,0.1111111111111111,0.13333333333333333,0.9545454545454546,0.962962962962963,0.8181818181818182,0.49999999999999994,1,1,1,0,0.1132075471698113,0.2307692307692307,0.1333333333333333,0.0,0.0,0.2608695652173913,0.2424242424242424,0.0,0.0,0164
0.06666666666666667,0.1111111111111111,0.6666666666666667,0.0909090909090909,0.07407407407407407,0.1818181818181818,0.7499999999999999,1,0,0,0,0.1132075471698113,0.3076923076923077,0.2444444444444444,0.2692307692307693,0.6001892147587511,0.3478260869565217,0.3333333333333333,0.35,0.6099999999999999,0165
0.0,0.1111111111111111,0.2666666666666667,0.0909090909090909,0.0,0.1818181818181818,0.6666666666666666,0,1,0,0,0.0377358490566037,0.2307692307692307,0.2888888888888889,0.1538461538461538,0.6251655629139073,0.2608695652173913,0.5454545454545454,0.2,0.6569230769230768,0166
0.0,0.5555555555555556,0.4666666666666667,0.9545454545454546,1.0,0.6363636363636364,0.5833333333333333,0,1,0,0,0.0188679245283018,0.1923076923076923,0.2,0.0384615384615384,0.5827814569536424,0.217391304347826,0.2727272727272727,0.1,0.673076923076923,0167
0.9333333333333333,0.1111111111111111,0.13333333333333333,0.5454545454545455,1.0,0.5454545454545454,0.49999999999999994,0,1,1,0,0.0377358490566037,0.2307692307692307,0.1777777777777777,0.2307692307692307,0.6433301797540207,0.2608695652173913,0.3333333333333333,0.25,0.7323076923076922,0168
0.0,0.3333333333333333,0.4666666666666667,0.0,0.0,0.4545454545454545,0.25,0,1,1,0,0.0377358490566037,0.1923076923076923,0.1333333333333333,0.0,0.0,0.217391304347826,0.1818181818181818,0.0,0.0,0169
0.4666666666666667,0.3333333333333333,0.7333333333333334,0.5454545454545455,0.48148148148148145,0.8181818181818182,0.3333333333333333,0,1,0,1,0.0377358490566037,0.2692307692307693,0.1777777777777777,0.2692307692307693,0.6433301797540207,0.3478260869565217,0.2424242424242424,0.4,0.7201923076923077,0170
0.7333333333333334,0.1111111111111111,0.5333333333333333,0.9545454545454546,0.962962962962963,0.6363636363636364,0.5833333333333333,0,1,1,1,0.4339622641509433,0.2307692307692307,0.1555555555555555,0.2307692307692307,0.6534216335540839,0.2608695652173913,0.303030303030303,0.2,0.6865384615384615,0171
0.4666666666666667,0.1111111111111111,0.6,0.5454545454545455,0.0,0.4545454545454545,0.5833333333333333,1,1,0,0,0.0188679245283018,0.2307692307692307,0.1777777777777777,0.2307692307692307,0.6181015452538631,0.2608695652173913,0.303030303030303,0.2,0.6192307692307691,0172
0.7333333333333334,0.1111111111111111,0.33333333333333337,0.9545454545454546,0.962962962962963,0.8181818181818182,0.3333333333333333,1,0,1,0,0.2075471698113207,0.1923076923076923,0.2222222222222222,0.0,0.0,0.217391304347826,0.2121212121212121,0.0,0.0,0173
0.7333333333333334,0.1111111111111111,0.8,0.0,0.48148148148148145,0.4545454545454545,0.3333333333333333,0,1,0,0,0.2641509433962264,0.2307692307692307,0.2888888888888889,0.1923076923076923,0.6039735099337749,0.2608695652173913,0.4242424242424242,0.2,0.6326923076923077,0174
0.0,0.1111111111111111,0.4666666666666667,0.0,0.1111111111111111,0.8181818181818182,0.8333333333333333,0,1,1,0,0.0377358490566037,0.1923076923076923,0.1777777777777777,0.1923076923076923,0.614569536423841,0.217391304347826,0.303030303030303,0.2,0.7269230769230769,0175
0.0,0.1111111111111111,0.0,0.0,1.0,0.36363636363636365,0.7499999999999999,0,0,0,0,0.0377358490566037,0.0,0.0,0.0,0.0,0.0,0.0,0.0,0.0,0176
0.0,0.4444444444444444,0.6666666666666667,1.0,1.0,0.6363636363636364,0.5833333333333333,0,1,0,1,0.0188679245283018,0.3076923076923077,0.1777777777777777,0.3076923076923077,0.7094701986754967,0.3478260869565217,0.2424242424242424,0.4,0.7210673076923076,0177
0.4666666666666667,0.4444444444444444,0.6,0.5454545454545455,0.0,0.4545454545454545,0.4166666666666667,0,1,1,0,0.0188679245283018,0.2307692307692307,0.1555555555555555,0.1538461538461538,0.5827814569536424,0.2608695652173913,0.2121212121212121,0.15,0.6057692307692307,0178
0.0,0.1111111111111111,0.0,0.0,0.0,0.8181818181818182,0.25,0,1,0,0,0.0188679245283018,0.0,0.0,0.0,0.0,0.0,0.0,0.0,0.0,0179
0.7333333333333334,0.1111111111111111,1.0,0.0,0.0,0.2727272727272727,0.5833333333333333,0,1,1,0,0.169811320754717,0.1923076923076923,0.1111111111111111,0.1923076923076923,0.656953642384106,0.217391304347826,0.1515151515151515,0.25,0.6676923076923077,0180
0.4666666666666667,0.3333333333333333,0.4666666666666667,0.9545454545454546,0.962962962962963,0.4545454545454545,0.5833333333333333,0,1,1,0,0.0188679245283018,0.1923076923076923,0.2222222222222222,0.0,0.0,0.217391304347826,0.3939393939393939,0.0,0.0,0181
0.0,0.6666666666666666,0.5333333333333333,1.0,0.0,0.6363636363636364,0.3333333333333333,0,1,0,1,0.0377358490566037,0.2307692307692307,0.1333333333333333,0.2307692307692307,0.7152317880794702,0.2608695652173913,0.2121212121212121,0.3,0.7153846153846154,0182
0.0,0.1111111111111111,0.8,0.8181818181818182,1.0,0.0,0.3333333333333333,0,1,0,0,0.0943396226415094,0.1923076923076923,0.1333333333333333,0.0769230769230769,0.6622516556291391,0.217391304347826,0.1515151515151515,0.0,0.0,0183
0.7333333333333334,0.1111111111111111,1.0,0.9545454545454546,1.0,0.8181818181818182,0.7499999999999999,0,1,0,0,0.2452830188679245,0.1923076923076923,0.2444444444444444,0.1153846153846153,0.5474613686534217,0.217391304347826,0.303030303030303,0.2,0.6892307692307692,0184
0.0,0.1111111111111111,0.5333333333333333,0.5454545454545455,0.48148148148148145,0.8181818181818182,0.5833333333333333,0,1,0,1,0.0188679245283018,0.2307692307692307,0.1333333333333333,0.2307692307692307,0.7593818984547461,0.2608695652173913,0.2121212121212121,0.3,0.7615384615384615,0185
0.4666666666666667,0.4444444444444444,0.6666666666666667,0.0909090909090909,0.07407407407407407,0.1818181818181818,0.16666666666666669,0,1,0,0,0.0377358490566037,0.2692307692307693,0.1777777777777777,0.2692307692307693,0.6992620624408704,0.3478260869565217,0.2424242424242424,0.4,0.7033653846153846,0186
0.7333333333333334,0.1111111111111111,0.06666666666666668,0.8181818181818182,0.8518518518518519,0.0,0.0,0,1,0,0,0.1886792452830188,0.2307692307692307,0.2444444444444444,0.1538461538461538,0.6490066225165563,0.2608695652173913,0.4848484848484848,0.15,0.6461538461538461,0187
0.0,0.1111111111111111,0.2666666666666667,1.0,0.962962962962963,0.8181818181818182,0.7499999999999999,0,1,0,0,0.0754716981132075,0.1923076923076923,0.2222222222222222,0.1153846153846153,0.6181015452538631,0.217391304347826,0.1515151515151515,0.25,0.7,0188
1.0,0.1111111111111111,0.4666666666666667,0.0,0.962962962962963,0.8181818181818182,0.8333333333333333,0,1,0,0,0.679245283018868,0.576923076923077,0.3333333333333333,0.576923076923077,0.6251655629139073,0.5652173913043478,0.3939393939393939,0.6000000000000001,0.6282051282051281,0189
0.0,0.1111111111111111,0.9333333333333333,0.0909090909090909,0.0,0.1818181818181818,0.4166666666666667,0,1,0,0,0.0188679245283018,0.2692307692307693,0.2222222222222222,0.2307692307692307,0.565121412803532,0.3043478260869565,0.3636363636363636,0.3,0.691025641025641,0190
0.8666666666666667,0.1111111111111111,0.5333333333333333,0.8181818181818182,0.8518518518518519,0.7272727272727273,0.9999999999999999,0,1,0,1,0.2264150943396226,0.6153846153846154,0.3777777777777777,0.6153846153846154,0.666926373198286,0.5652173913043478,0.4242424242424242,0.65,0.7192307692307692,0191
0.8666666666666667,0.3333333333333333,0.6666666666666667,1.0,0.962962962962963,0.8181818181818182,0.6666666666666666,0,1,0,0,0.0754716981132075,0.5384615384615385,0.5777777777777778,0.4615384615384615,0.710855168442269,0.6086956521739131,0.7878787878787878,0.6000000000000001,0.7224749163879599,0192
0.7333333333333334,0.1111111111111111,0.6666666666666667,0.9545454545454546,0.48148148148148145,0.8181818181818182,0.6666666666666666,0,1,0,0,0.1886792452830188,0.2692307692307693,0.3111111111111111,0.0,0.0,0.3043478260869565,0.4242424242424242,0.0,0.0,0193
0.8666666666666667,0.1111111111111111,0.19999999999999998,0.5454545454545455,0.48148148148148145,0.8181818181818182,0.7499999999999999,0,1,1,1,0.0566037735849056,0.2307692307692307,0.1777777777777777,0.1153846153846153,0.5827814569536424,0.2608695652173913,0.2424242424242424,0.1,0.6102564102564102,0194
0.4666666666666667,0.5555555555555556,0.2666666666666667,0.5454545454545455,0.48148148148148145,0.9999999999999999,0.5833333333333333,0,0,0,0,0.0188679245283018,0.2307692307692307,0.0,0.0,0.0,0.2608695652173913,0.0,0.0,0.0,0195
0.4666666666666667,0.3333333333333333,0.9333333333333333,1.0,1.0,0.6363636363636364,0.5833333333333333,0,1,0,0,0.0188679245283018,0.2307692307692307,0.1777777777777777,0.1923076923076923,0.7099337748344371,0.2608695652173913,0.2121212121212121,0.25,0.6461538461538461,0196
0.4666666666666667,0.1111111111111111,0.8666666666666667,1.0,1.0,0.6363636363636364,0.5833333333333333,0,1,0,1,0.0188679245283018,0.2307692307692307,0.1333333333333333,0.2307692307692307,0.7947019867549668,0.2608695652173913,0.1818181818181818,0.3,0.8346153846153845,0197
0.0,0.1111111111111111,0.0,0.9545454545454546,0.962962962962963,0.8181818181818182,0.7499999999999999,0,1,1,0,0.0754716981132075,0.0,0.0,0.0,0.0,0.0,0.0,0.0,0.0,0198
0.7333333333333334,0.1111111111111111,0.6,0.9545454545454546,0.48148148148148145,0.8181818181818182,0.7499999999999999,0,1,1,0,0.5094339622641508,0.2307692307692307,0.1333333333333333,0.2307692307692307,0.6710816777041942,0.2608695652173913,0.1818181818181818,0.3,0.6192307692307691,0199
0.4666666666666667,0.4444444444444444,0.19999999999999998,0.0,0.07407407407407407,0.2727272727272727,0.25,0,1,0,1,0.0188679245283018,0.2307692307692307,0.2,0.1923076923076923,0.614569536423841,0.2608695652173913,0.2424242424242424,0.2,0.603076923076923,0200
0.4666666666666667,0.2222222222222222,0.06666666666666668,0.5454545454545455,0.0,0.09090909090909091,0.08333333333333333,0,1,0,1,0.0566037735849056,0.2307692307692307,0.1333333333333333,0.2307692307692307,0.6181015452538631,0.2608695652173913,0.3636363636363636,0.25,0.7538461538461538,0201
0.4666666666666667,0.4444444444444444,0.8,0.0909090909090909,0.0,0.1818181818181818,0.25,0,1,1,0,0.0188679245283018,0.2307692307692307,0.1777777777777777,0.2307692307692307,0.7218543046357616,0.2608695652173913,0.2121212121212121,0.3,0.7692307692307692,0202
0.0,0.1111111111111111,0.6666666666666667,0.5454545454545455,0.962962962962963,0.36363636363636365,0.7499999999999999,0,1,1,0,0.0377358490566037,0.2692307692307693,0.1555555555555555,0.2307692307692307,0.7258278145695364,0.3043478260869565,0.2121212121212121,0.3,0.7376923076923076,0203
0.4666666666666667,0.1111111111111111,0.6666666666666667,0.5454545454545455,0.0,0.36363636363636365,0.8333333333333333,0,1,0,0,0.0188679245283018,0.2692307692307693,0.1555555555555555,0.2307692307692307,0.6949227373068433,0.3043478260869565,0.2121212121212121,0.3,0.7062820512820512,0204
0.8666666666666667,0.1111111111111111,0.6666666666666667,1.0,0.48148148148148145,0.8181818181818182,0.4166666666666667,0,1,0,0,0.0377358490566037,0.3076923076923077,0.2666666666666666,0.2692307692307693,0.6395458845789972,0.3478260869565217,0.3636363636363636,0.35,0.6499999999999999,0205
0.5333333333333333,0.3333333333333333,0.19999999999999998,0.0,0.0,0.2727272727272727,0.3333333333333333,0,1,0,0,0.0188679245283018,0.2307692307692307,0.1333333333333333,0.0769230769230769,0.6357615894039735,0.2608695652173913,0.1818181818181818,0.05,0.5923076923076923,0206
0.7333333333333334,0.1111111111111111,0.19999999999999998,1.0,1.0,0.4545454545454545,0.4166666666666667,0,1,1,0,0.2075471698113207,0.2307692307692307,0.0,0.0,0.0,0.2608695652173913,0.0,0.0,0.0,0207
0.8666666666666667,0.1111111111111111,0.6666666666666667,0.0,0.0,0.6363636363636364,0.3333333333333333,0,1,1,0,0.0943396226415094,0.3076923076923077,0.2,0.3076923076923077,0.6650993377483444,0.3478260869565217,0.2727272727272727,0.4,0.6759711538461538,0208
0.7333333333333334,0.1111111111111111,0.8666666666666667,0.9545454545454546,0.962962962962963,0.0,0.0,1,0,1,0,0.6226415094339623,0.2307692307692307,0.1555555555555555,0.0384615384615384,0.7947019867549668,0.217391304347826,0.3636363636363636,0.0,0.0,0209
0.4666666666666667,0.3333333333333333,0.2666666666666667,0.5454545454545455,1.0,0.4545454545454545,0.5833333333333333,0,1,0,0,0.0754716981132075,0.2307692307692307,0.0,0.0,0.0,0.2608695652173913,0.0,0.0,0.0,0210
0.0,0.6666666666666666,0.6666666666666667,0.13636363636363635,0.1111111111111111,0.4545454545454545,0.7499999999999999,0,1,0,0,0.0188679245283018,0.2692307692307693,0.1555555555555555,0.2692307692307693,0.735212866603595,0.3478260869565217,0.2424242424242424,0.4,0.8433653846153846,0211
0.0,0.3333333333333333,0.8666666666666667,1.0,0.962962962962963,0.4545454545454545,0.4166666666666667,0,1,0,0,0.0377358490566037,0.2307692307692307,0.1777777777777777,0.2307692307692307,0.6710816777041942,0.2608695652173913,0.2121212121212121,0.3,0.6846153846153845,0212
0.4666666666666667,0.1111111111111111,0.4666666666666667,1.0,1.0,0.8181818181818182,0.6666666666666666,0,1,1,0,0.0188679245283018,0.1923076923076923,0.2888888888888889,0.0384615384615384,0.5298013245033113,0.217391304347826,0.1515151515151515,0.05,0.5384615384615384,0213
0.0,0.3333333333333333,0.8666666666666667,0.0,0.0,0.36363636363636365,0.5833333333333333,1,1,1,1,0.0188679245283018,0.2307692307692307,0.1333333333333333,0.2307692307692307,0.7593818984547461,0.2608695652173913,0.1818181818181818,0.3,0.8256410256410256,0214
0.0,0.6666666666666666,0.6666666666666667,0.9545454545454546,0.962962962962963,0.8181818181818182,0.6666666666666666,0,1,0,1,0.0188679245283018,0.2692307692307693,0.1777777777777777,0.2692307692307693,0.7025165562913908,0.3478260869565217,0.2424242424242424,0.4,0.7692596153846154,0215
0.7333333333333334,0.1111111111111111,0.8,0.0,0.0,0.36363636363636365,0.3333333333333333,0,1,0,0,0.1320754716981132,0.2307692307692307,0.2666666666666666,0.0769230769230769,0.6181015452538631,0.2608695652173913,0.6060606060606061,0.1,0.5653846153846154,0216
0.0,0.1111111111111111,0.6,0.5454545454545455,0.0,0.2727272727272727,0.5833333333333333,0,1,1,0,0.1132075471698113,0.2307692307692307,0.2222222222222222,0.2307692307692307,0.6887417218543046,0.2608695652173913,0.2727272727272727,0.3,0.6461538461538461,0217
0.5333333333333333,0.2222222222222222,0.5333333333333333,0.5454545454545455,0.0,0.36363636363636365,0.25,0,1,0,1,0.0377358490566037,0.2307692307692307,0.1777777777777777,0.1538461538461538,0.5695364238410596,0.2608695652173913,0.3333333333333333,0.25,0.6192307692307691,0218
0.0,0.5555555555555556,0.6666666666666667,1.0,1.0,0.8181818181818182,0.4166666666666667,0,1,0,0,0.0377358490566037,0.3076923076923077,0.1777777777777777,0.2692307692307693,0.7943235572374645,0.3478260869565217,0.2424242424242424,0.35,0.8073076923076922,0219
0.0,0.2222222222222222,0.8666666666666667,0.5454545454545455,1.0,0.4545454545454545,0.0,0,1,0,0,0.0377358490566037,0.2307692307692307,0.2444444444444444,0.0384615384615384,0.6887417218543046,0.217391304347826,0.303030303030303,0.0,0.0,0220
0.0,0.1111111111111111,0.4666666666666667,0.9545454545454546,0.0,0.36363636363636365,0.8333333333333333,0,1,0,0,0.0188679245283018,0.1923076923076923,0.1333333333333333,0.1538461538461538,0.5960264900662252,0.217391304347826,0.2424242424242424,0.25,0.5923076923076923,0221
0.0,0.3333333333333333,0.8666666666666667,0.0,0.1111111111111111,0.36363636363636365,0.08333333333333333,0,1,1,0,0.0754716981132075,0.2307692307692307,0.1333333333333333,0.1923076923076923,0.6251655629139073,0.2608695652173913,0.2727272727272727,0.0,0.0,0222
